canonical,brand_id,alias,source_note,source_url,caveat,trends_url
THE KLINIQ,the_kliniq,THE KLINIQ,Official website text uses THE KLINIQUE and เดอะคลีนิกค์; user canonical kept as THE KLINIQ.,https://www.theklinique.com/,,https://trends.google.com/trends/explore?date=2022-01-01%202026-06-18&geo=TH&q=THE%20KLINIQ%20%2B%20THE%20KLINIQUE%20%2B%20%E0%B9%80%E0%B8%94%E0%B8%AD%E0%B8%B0%E0%B8%84%E0%B8%A5%E0%B8%B5%E0%B8%99%E0%B8%B4%E0%B8%81%E0%B8%84%E0%B9%8C%20%2B%20%E0%B9%80%E0%B8%94%E0%B8%AD%E0%B8%B0%E0%B8%84%E0%B8%A5%E0%B8%B4%E0%B8%99%E0%B8%B4%E0%B8%81%20%2B%20%E0%B9%80%E0%B8%94%E0%B8%AD%E0%B8%B0%E0%B8%84%E0%B8%A5%E0%B8%B5%E0%B8%99%E0%B8%B4%E0%B8%84
THE KLINIQ,the_kliniq,THE KLINIQUE,Official website text uses THE KLINIQUE and เดอะคลีนิกค์; user canonical kept as THE KLINIQ.,https://www.theklinique.com/,,https://trends.google.com/trends/explore?date=2022-01-01%202026-06-18&geo=TH&q=THE%20KLINIQ%20%2B%20THE%20KLINIQUE%20%2B%20%E0%B9%80%E0%B8%94%E0%B8%AD%E0%B8%B0%E0%B8%84%E0%B8%A5%E0%B8%B5%E0%B8%99%E0%B8%B4%E0%B8%81%E0%B8%84%E0%B9%8C%20%2B%20%E0%B9%80%E0%B8%94%E0%B8%AD%E0%B8%B0%E0%B8%84%E0%B8%A5%E0%B8%B4%E0%B8%99%E0%B8%B4%E0%B8%81%20%2B%20%E0%B9%80%E0%B8%94%E0%B8%AD%E0%B8%B0%E0%B8%84%E0%B8%A5%E0%B8%B5%E0%B8%99%E0%B8%B4%E0%B8%84
THE KLINIQ,the_kliniq,เดอะคลีนิกค์,Official website text uses THE KLINIQUE and เดอะคลีนิกค์; user canonical kept as THE KLINIQ.,https://www.theklinique.com/,,https://trends.google.com/trends/explore?date=2022-01-01%202026-06-18&geo=TH&q=THE%20KLINIQ%20%2B%20THE%20KLINIQUE%20%2B%20%E0%B9%80%E0%B8%94%E0%B8%AD%E0%B8%B0%E0%B8%84%E0%B8%A5%E0%B8%B5%E0%B8%99%E0%B8%B4%E0%B8%81%E0%B8%84%E0%B9%8C%20%2B%20%E0%B9%80%E0%B8%94%E0%B8%AD%E0%B8%B0%E0%B8%84%E0%B8%A5%E0%B8%B4%E0%B8%99%E0%B8%B4%E0%B8%81%20%2B%20%E0%B9%80%E0%B8%94%E0%B8%AD%E0%B8%B0%E0%B8%84%E0%B8%A5%E0%B8%B5%E0%B8%99%E0%B8%B4%E0%B8%84
THE KLINIQ,the_kliniq,เดอะคลินิก,Official website text uses THE KLINIQUE and เดอะคลีนิกค์; user canonical kept as THE KLINIQ.,https://www.theklinique.com/,,https://trends.google.com/trends/explore?date=2022-01-01%202026-06-18&geo=TH&q=THE%20KLINIQ%20%2B%20THE%20KLINIQUE%20%2B%20%E0%B9%80%E0%B8%94%E0%B8%AD%E0%B8%B0%E0%B8%84%E0%B8%A5%E0%B8%B5%E0%B8%99%E0%B8%B4%E0%B8%81%E0%B8%84%E0%B9%8C%20%2B%20%E0%B9%80%E0%B8%94%E0%B8%AD%E0%B8%B0%E0%B8%84%E0%B8%A5%E0%B8%B4%E0%B8%99%E0%B8%B4%E0%B8%81%20%2B%20%E0%B9%80%E0%B8%94%E0%B8%AD%E0%B8%B0%E0%B8%84%E0%B8%A5%E0%B8%B5%E0%B8%99%E0%B8%B4%E0%B8%84
THE KLINIQ,the_kliniq,เดอะคลีนิค,Official website text uses THE KLINIQUE and เดอะคลีนิกค์; user canonical kept as THE KLINIQ.,https://www.theklinique.com/,,https://trends.google.com/trends/explore?date=2022-01-01%202026-06-18&geo=TH&q=THE%20KLINIQ%20%2B%20THE%20KLINIQUE%20%2B%20%E0%B9%80%E0%B8%94%E0%B8%AD%E0%B8%B0%E0%B8%84%E0%B8%A5%E0%B8%B5%E0%B8%99%E0%B8%B4%E0%B8%81%E0%B8%84%E0%B9%8C%20%2B%20%E0%B9%80%E0%B8%94%E0%B8%AD%E0%B8%B0%E0%B8%84%E0%B8%A5%E0%B8%B4%E0%B8%99%E0%B8%B4%E0%B8%81%20%2B%20%E0%B9%80%E0%B8%94%E0%B8%AD%E0%B8%B0%E0%B8%84%E0%B8%A5%E0%B8%B5%E0%B8%99%E0%B8%B4%E0%B8%84
KLINIQ Surgery,kliniq_surgery,KLINIQ Surgery,Surgery wording appears on THE KLINIQUE official service navigation; long Thai surgery-center phrase omitted from the Trends query because it triggers a Google Trends bad-request response.,https://www.theklinique.com/,,https://trends.google.com/trends/explore?date=2022-01-01%202026-06-18&geo=TH&q=KLINIQ%20Surgery%20%2B%20THE%20KLINIQUE%20Surgery%20%2B%20Klinique%20Surgery%20%2B%20%E0%B9%80%E0%B8%94%E0%B8%AD%E0%B8%B0%E0%B8%84%E0%B8%A5%E0%B8%B5%E0%B8%99%E0%B8%B4%E0%B8%81%E0%B8%84%E0%B9%8C%20%E0%B8%A8%E0%B8%B1%E0%B8%A5%E0%B8%A2%E0%B8%81%E0%B8%A3%E0%B8%A3%E0%B8%A1
KLINIQ Surgery,kliniq_surgery,THE KLINIQUE Surgery,Surgery wording appears on THE KLINIQUE official service navigation; long Thai surgery-center phrase omitted from the Trends query because it triggers a Google Trends bad-request response.,https://www.theklinique.com/,,https://trends.google.com/trends/explore?date=2022-01-01%202026-06-18&geo=TH&q=KLINIQ%20Surgery%20%2B%20THE%20KLINIQUE%20Surgery%20%2B%20Klinique%20Surgery%20%2B%20%E0%B9%80%E0%B8%94%E0%B8%AD%E0%B8%B0%E0%B8%84%E0%B8%A5%E0%B8%B5%E0%B8%99%E0%B8%B4%E0%B8%81%E0%B8%84%E0%B9%8C%20%E0%B8%A8%E0%B8%B1%E0%B8%A5%E0%B8%A2%E0%B8%81%E0%B8%A3%E0%B8%A3%E0%B8%A1
KLINIQ Surgery,kliniq_surgery,Klinique Surgery,Surgery wording appears on THE KLINIQUE official service navigation; long Thai surgery-center phrase omitted from the Trends query because it triggers a Google Trends bad-request response.,https://www.theklinique.com/,,https://trends.google.com/trends/explore?date=2022-01-01%202026-06-18&geo=TH&q=KLINIQ%20Surgery%20%2B%20THE%20KLINIQUE%20Surgery%20%2B%20Klinique%20Surgery%20%2B%20%E0%B9%80%E0%B8%94%E0%B8%AD%E0%B8%B0%E0%B8%84%E0%B8%A5%E0%B8%B5%E0%B8%99%E0%B8%B4%E0%B8%81%E0%B8%84%E0%B9%8C%20%E0%B8%A8%E0%B8%B1%E0%B8%A5%E0%B8%A2%E0%B8%81%E0%B8%A3%E0%B8%A3%E0%B8%A1
KLINIQ Surgery,kliniq_surgery,เดอะคลีนิกค์ ศัลยกรรม,Surgery wording appears on THE KLINIQUE official service navigation; long Thai surgery-center phrase omitted from the Trends query because it triggers a Google Trends bad-request response.,https://www.theklinique.com/,,https://trends.google.com/trends/explore?date=2022-01-01%202026-06-18&geo=TH&q=KLINIQ%20Surgery%20%2B%20THE%20KLINIQUE%20Surgery%20%2B%20Klinique%20Surgery%20%2B%20%E0%B9%80%E0%B8%94%E0%B8%AD%E0%B8%B0%E0%B8%84%E0%B8%A5%E0%B8%B5%E0%B8%99%E0%B8%B4%E0%B8%81%E0%B8%84%E0%B9%8C%20%E0%B8%A8%E0%B8%B1%E0%B8%A5%E0%B8%A2%E0%B8%81%E0%B8%A3%E0%B8%A3%E0%B8%A1
LABX,labx,LABX,Seeded from user-provided brand plus Thai/English spelling variants; official source not verified in this run.,,Low-volume or generic lab wording can create zeros/noise.,https://trends.google.com/trends/explore?date=2022-01-01%202026-06-18&geo=TH&q=LABX%20%2B%20LABX%20Clinic%20%2B%20LAB%20X%20Clinic%20%2B%20%E0%B9%81%E0%B8%A5%E0%B9%87%E0%B8%9A%E0%B9%80%E0%B8%AD%E0%B9%87%E0%B8%81%E0%B8%8B%E0%B9%8C%20%2B%20%E0%B9%81%E0%B8%A5%E0%B8%9A%E0%B9%80%E0%B8%AD%E0%B9%87%E0%B8%81%E0%B8%8B%E0%B9%8C
LABX,labx,LABX Clinic,Seeded from user-provided brand plus Thai/English spelling variants; official source not verified in this run.,,Low-volume or generic lab wording can create zeros/noise.,https://trends.google.com/trends/explore?date=2022-01-01%202026-06-18&geo=TH&q=LABX%20%2B%20LABX%20Clinic%20%2B%20LAB%20X%20Clinic%20%2B%20%E0%B9%81%E0%B8%A5%E0%B9%87%E0%B8%9A%E0%B9%80%E0%B8%AD%E0%B9%87%E0%B8%81%E0%B8%8B%E0%B9%8C%20%2B%20%E0%B9%81%E0%B8%A5%E0%B8%9A%E0%B9%80%E0%B8%AD%E0%B9%87%E0%B8%81%E0%B8%8B%E0%B9%8C
LABX,labx,LAB X Clinic,Seeded from user-provided brand plus Thai/English spelling variants; official source not verified in this run.,,Low-volume or generic lab wording can create zeros/noise.,https://trends.google.com/trends/explore?date=2022-01-01%202026-06-18&geo=TH&q=LABX%20%2B%20LABX%20Clinic%20%2B%20LAB%20X%20Clinic%20%2B%20%E0%B9%81%E0%B8%A5%E0%B9%87%E0%B8%9A%E0%B9%80%E0%B8%AD%E0%B9%87%E0%B8%81%E0%B8%8B%E0%B9%8C%20%2B%20%E0%B9%81%E0%B8%A5%E0%B8%9A%E0%B9%80%E0%B8%AD%E0%B9%87%E0%B8%81%E0%B8%8B%E0%B9%8C
LABX,labx,แล็บเอ็กซ์,Seeded from user-provided brand plus Thai/English spelling variants; official source not verified in this run.,,Low-volume or generic lab wording can create zeros/noise.,https://trends.google.com/trends/explore?date=2022-01-01%202026-06-18&geo=TH&q=LABX%20%2B%20LABX%20Clinic%20%2B%20LAB%20X%20Clinic%20%2B%20%E0%B9%81%E0%B8%A5%E0%B9%87%E0%B8%9A%E0%B9%80%E0%B8%AD%E0%B9%87%E0%B8%81%E0%B8%8B%E0%B9%8C%20%2B%20%E0%B9%81%E0%B8%A5%E0%B8%9A%E0%B9%80%E0%B8%AD%E0%B9%87%E0%B8%81%E0%B8%8B%E0%B9%8C
LABX,labx,แลบเอ็กซ์,Seeded from user-provided brand plus Thai/English spelling variants; official source not verified in this run.,,Low-volume or generic lab wording can create zeros/noise.,https://trends.google.com/trends/explore?date=2022-01-01%202026-06-18&geo=TH&q=LABX%20%2B%20LABX%20Clinic%20%2B%20LAB%20X%20Clinic%20%2B%20%E0%B9%81%E0%B8%A5%E0%B9%87%E0%B8%9A%E0%B9%80%E0%B8%AD%E0%B9%87%E0%B8%81%E0%B8%8B%E0%B9%8C%20%2B%20%E0%B9%81%E0%B8%A5%E0%B8%9A%E0%B9%80%E0%B8%AD%E0%B9%87%E0%B8%81%E0%B8%8B%E0%B9%8C
L clinic,l_clinic,L Clinic,Seeded from user-provided brand plus Thai/English spelling variants.,,Very generic name; results may include unrelated clinics.,https://trends.google.com/trends/explore?date=2022-01-01%202026-06-18&geo=TH&q=L%20Clinic%20%2B%20L%20clinic%20%2B%20%E0%B9%81%E0%B8%AD%E0%B8%A5%E0%B8%84%E0%B8%A5%E0%B8%B4%E0%B8%99%E0%B8%B4%E0%B8%81%20%2B%20%E0%B9%81%E0%B8%AD%E0%B8%A5%20%E0%B8%84%E0%B8%A5%E0%B8%B4%E0%B8%99%E0%B8%B4%E0%B8%81
L clinic,l_clinic,L clinic,Seeded from user-provided brand plus Thai/English spelling variants.,,Very generic name; results may include unrelated clinics.,https://trends.google.com/trends/explore?date=2022-01-01%202026-06-18&geo=TH&q=L%20Clinic%20%2B%20L%20clinic%20%2B%20%E0%B9%81%E0%B8%AD%E0%B8%A5%E0%B8%84%E0%B8%A5%E0%B8%B4%E0%B8%99%E0%B8%B4%E0%B8%81%20%2B%20%E0%B9%81%E0%B8%AD%E0%B8%A5%20%E0%B8%84%E0%B8%A5%E0%B8%B4%E0%B8%99%E0%B8%B4%E0%B8%81
L clinic,l_clinic,แอลคลินิก,Seeded from user-provided brand plus Thai/English spelling variants.,,Very generic name; results may include unrelated clinics.,https://trends.google.com/trends/explore?date=2022-01-01%202026-06-18&geo=TH&q=L%20Clinic%20%2B%20L%20clinic%20%2B%20%E0%B9%81%E0%B8%AD%E0%B8%A5%E0%B8%84%E0%B8%A5%E0%B8%B4%E0%B8%99%E0%B8%B4%E0%B8%81%20%2B%20%E0%B9%81%E0%B8%AD%E0%B8%A5%20%E0%B8%84%E0%B8%A5%E0%B8%B4%E0%B8%99%E0%B8%B4%E0%B8%81
L clinic,l_clinic,แอล คลินิก,Seeded from user-provided brand plus Thai/English spelling variants.,,Very generic name; results may include unrelated clinics.,https://trends.google.com/trends/explore?date=2022-01-01%202026-06-18&geo=TH&q=L%20Clinic%20%2B%20L%20clinic%20%2B%20%E0%B9%81%E0%B8%AD%E0%B8%A5%E0%B8%84%E0%B8%A5%E0%B8%B4%E0%B8%99%E0%B8%B4%E0%B8%81%20%2B%20%E0%B9%81%E0%B8%AD%E0%B8%A5%20%E0%B8%84%E0%B8%A5%E0%B8%B4%E0%B8%99%E0%B8%B4%E0%B8%81
Acne lab,acne_lab,Acne Lab,Seeded from user-provided brand plus Thai/English spelling variants.,,Generic acne wording can include non-brand search intent.,https://trends.google.com/trends/explore?date=2022-01-01%202026-06-18&geo=TH&q=Acne%20Lab%20%2B%20Acne%20Lab%20Clinic%20%2B%20Acnelab%20%2B%20%E0%B9%81%E0%B8%AD%E0%B8%84%E0%B9%80%E0%B8%99%E0%B9%88%E0%B9%81%E0%B8%A5%E0%B8%9A%20%2B%20%E0%B9%81%E0%B8%AD%E0%B8%84%E0%B9%80%E0%B8%99%E0%B9%88%20%E0%B9%81%E0%B8%A5%E0%B9%87%E0%B8%9A
Acne lab,acne_lab,Acne Lab Clinic,Seeded from user-provided brand plus Thai/English spelling variants.,,Generic acne wording can include non-brand search intent.,https://trends.google.com/trends/explore?date=2022-01-01%202026-06-18&geo=TH&q=Acne%20Lab%20%2B%20Acne%20Lab%20Clinic%20%2B%20Acnelab%20%2B%20%E0%B9%81%E0%B8%AD%E0%B8%84%E0%B9%80%E0%B8%99%E0%B9%88%E0%B9%81%E0%B8%A5%E0%B8%9A%20%2B%20%E0%B9%81%E0%B8%AD%E0%B8%84%E0%B9%80%E0%B8%99%E0%B9%88%20%E0%B9%81%E0%B8%A5%E0%B9%87%E0%B8%9A
Acne lab,acne_lab,Acnelab,Seeded from user-provided brand plus Thai/English spelling variants.,,Generic acne wording can include non-brand search intent.,https://trends.google.com/trends/explore?date=2022-01-01%202026-06-18&geo=TH&q=Acne%20Lab%20%2B%20Acne%20Lab%20Clinic%20%2B%20Acnelab%20%2B%20%E0%B9%81%E0%B8%AD%E0%B8%84%E0%B9%80%E0%B8%99%E0%B9%88%E0%B9%81%E0%B8%A5%E0%B8%9A%20%2B%20%E0%B9%81%E0%B8%AD%E0%B8%84%E0%B9%80%E0%B8%99%E0%B9%88%20%E0%B9%81%E0%B8%A5%E0%B9%87%E0%B8%9A
Acne lab,acne_lab,แอคเน่แลบ,Seeded from user-provided brand plus Thai/English spelling variants.,,Generic acne wording can include non-brand search intent.,https://trends.google.com/trends/explore?date=2022-01-01%202026-06-18&geo=TH&q=Acne%20Lab%20%2B%20Acne%20Lab%20Clinic%20%2B%20Acnelab%20%2B%20%E0%B9%81%E0%B8%AD%E0%B8%84%E0%B9%80%E0%B8%99%E0%B9%88%E0%B9%81%E0%B8%A5%E0%B8%9A%20%2B%20%E0%B9%81%E0%B8%AD%E0%B8%84%E0%B9%80%E0%B8%99%E0%B9%88%20%E0%B9%81%E0%B8%A5%E0%B9%87%E0%B8%9A
Acne lab,acne_lab,แอคเน่ แล็บ,Seeded from user-provided brand plus Thai/English spelling variants.,,Generic acne wording can include non-brand search intent.,https://trends.google.com/trends/explore?date=2022-01-01%202026-06-18&geo=TH&q=Acne%20Lab%20%2B%20Acne%20Lab%20Clinic%20%2B%20Acnelab%20%2B%20%E0%B9%81%E0%B8%AD%E0%B8%84%E0%B9%80%E0%B8%99%E0%B9%88%E0%B9%81%E0%B8%A5%E0%B8%9A%20%2B%20%E0%B9%81%E0%B8%AD%E0%B8%84%E0%B9%80%E0%B8%99%E0%B9%88%20%E0%B9%81%E0%B8%A5%E0%B9%87%E0%B8%9A
AURA Bangkok clinic,aura_bangkok,Aura Bangkok Clinic,Official website title and page text use Aura Bangkok Clinic.,https://aurabangkokclinic.com/,,https://trends.google.com/trends/explore?date=2022-01-01%202026-06-18&geo=TH&q=Aura%20Bangkok%20Clinic%20%2B%20Aura%20Bangkok%20%2B%20%E0%B8%AD%E0%B8%AD%E0%B8%A3%E0%B9%88%E0%B8%B2%20%E0%B9%81%E0%B8%9A%E0%B8%87%E0%B8%84%E0%B8%AD%E0%B8%81%20%E0%B8%84%E0%B8%A5%E0%B8%B4%E0%B8%99%E0%B8%B4%E0%B8%81%20%2B%20%E0%B8%AD%E0%B8%AD%E0%B8%A3%E0%B9%88%E0%B8%B2%E0%B9%81%E0%B8%9A%E0%B8%87%E0%B8%84%E0%B8%AD%E0%B8%81%20%2B%20%E0%B8%AD%E0%B8%AD%E0%B8%A3%E0%B9%88%E0%B8%B2%20Bangkok
AURA Bangkok clinic,aura_bangkok,Aura Bangkok,Official website title and page text use Aura Bangkok Clinic.,https://aurabangkokclinic.com/,,https://trends.google.com/trends/explore?date=2022-01-01%202026-06-18&geo=TH&q=Aura%20Bangkok%20Clinic%20%2B%20Aura%20Bangkok%20%2B%20%E0%B8%AD%E0%B8%AD%E0%B8%A3%E0%B9%88%E0%B8%B2%20%E0%B9%81%E0%B8%9A%E0%B8%87%E0%B8%84%E0%B8%AD%E0%B8%81%20%E0%B8%84%E0%B8%A5%E0%B8%B4%E0%B8%99%E0%B8%B4%E0%B8%81%20%2B%20%E0%B8%AD%E0%B8%AD%E0%B8%A3%E0%B9%88%E0%B8%B2%E0%B9%81%E0%B8%9A%E0%B8%87%E0%B8%84%E0%B8%AD%E0%B8%81%20%2B%20%E0%B8%AD%E0%B8%AD%E0%B8%A3%E0%B9%88%E0%B8%B2%20Bangkok
AURA Bangkok clinic,aura_bangkok,ออร่า แบงคอก คลินิก,Official website title and page text use Aura Bangkok Clinic.,https://aurabangkokclinic.com/,,https://trends.google.com/trends/explore?date=2022-01-01%202026-06-18&geo=TH&q=Aura%20Bangkok%20Clinic%20%2B%20Aura%20Bangkok%20%2B%20%E0%B8%AD%E0%B8%AD%E0%B8%A3%E0%B9%88%E0%B8%B2%20%E0%B9%81%E0%B8%9A%E0%B8%87%E0%B8%84%E0%B8%AD%E0%B8%81%20%E0%B8%84%E0%B8%A5%E0%B8%B4%E0%B8%99%E0%B8%B4%E0%B8%81%20%2B%20%E0%B8%AD%E0%B8%AD%E0%B8%A3%E0%B9%88%E0%B8%B2%E0%B9%81%E0%B8%9A%E0%B8%87%E0%B8%84%E0%B8%AD%E0%B8%81%20%2B%20%E0%B8%AD%E0%B8%AD%E0%B8%A3%E0%B9%88%E0%B8%B2%20Bangkok
AURA Bangkok clinic,aura_bangkok,ออร่าแบงคอก,Official website title and page text use Aura Bangkok Clinic.,https://aurabangkokclinic.com/,,https://trends.google.com/trends/explore?date=2022-01-01%202026-06-18&geo=TH&q=Aura%20Bangkok%20Clinic%20%2B%20Aura%20Bangkok%20%2B%20%E0%B8%AD%E0%B8%AD%E0%B8%A3%E0%B9%88%E0%B8%B2%20%E0%B9%81%E0%B8%9A%E0%B8%87%E0%B8%84%E0%B8%AD%E0%B8%81%20%E0%B8%84%E0%B8%A5%E0%B8%B4%E0%B8%99%E0%B8%B4%E0%B8%81%20%2B%20%E0%B8%AD%E0%B8%AD%E0%B8%A3%E0%B9%88%E0%B8%B2%E0%B9%81%E0%B8%9A%E0%B8%87%E0%B8%84%E0%B8%AD%E0%B8%81%20%2B%20%E0%B8%AD%E0%B8%AD%E0%B8%A3%E0%B9%88%E0%B8%B2%20Bangkok
AURA Bangkok clinic,aura_bangkok,ออร่า Bangkok,Official website title and page text use Aura Bangkok Clinic.,https://aurabangkokclinic.com/,,https://trends.google.com/trends/explore?date=2022-01-01%202026-06-18&geo=TH&q=Aura%20Bangkok%20Clinic%20%2B%20Aura%20Bangkok%20%2B%20%E0%B8%AD%E0%B8%AD%E0%B8%A3%E0%B9%88%E0%B8%B2%20%E0%B9%81%E0%B8%9A%E0%B8%87%E0%B8%84%E0%B8%AD%E0%B8%81%20%E0%B8%84%E0%B8%A5%E0%B8%B4%E0%B8%99%E0%B8%B4%E0%B8%81%20%2B%20%E0%B8%AD%E0%B8%AD%E0%B8%A3%E0%B9%88%E0%B8%B2%E0%B9%81%E0%B8%9A%E0%B8%87%E0%B8%84%E0%B8%AD%E0%B8%81%20%2B%20%E0%B8%AD%E0%B8%AD%E0%B8%A3%E0%B9%88%E0%B8%B2%20Bangkok
Aura Xpress,aura_xpress,Aura Xpress,Seeded from user-provided brand plus common Xpress/Express spelling variants.,,,https://trends.google.com/trends/explore?date=2022-01-01%202026-06-18&geo=TH&q=Aura%20Xpress%20%2B%20Aura%20Express%20%2B%20Aura%20Xpress%20Clinic%20%2B%20%E0%B8%AD%E0%B8%AD%E0%B8%A3%E0%B9%88%E0%B8%B2%20%E0%B9%80%E0%B8%AD%E0%B9%87%E0%B8%81%E0%B8%8B%E0%B9%8C%E0%B9%80%E0%B8%9E%E0%B8%A3%E0%B8%AA%20%2B%20%E0%B8%AD%E0%B8%AD%E0%B8%A3%E0%B9%88%E0%B8%B2%20%E0%B9%80%E0%B8%AD%E0%B9%87%E0%B8%81%E0%B8%8B%E0%B9%8C%E0%B9%80%E0%B8%9E%E0%B8%A3%E0%B8%AA%20%E0%B8%84%E0%B8%A5%E0%B8%B4%E0%B8%99%E0%B8%B4%E0%B8%81
Aura Xpress,aura_xpress,Aura Express,Seeded from user-provided brand plus common Xpress/Express spelling variants.,,,https://trends.google.com/trends/explore?date=2022-01-01%202026-06-18&geo=TH&q=Aura%20Xpress%20%2B%20Aura%20Express%20%2B%20Aura%20Xpress%20Clinic%20%2B%20%E0%B8%AD%E0%B8%AD%E0%B8%A3%E0%B9%88%E0%B8%B2%20%E0%B9%80%E0%B8%AD%E0%B9%87%E0%B8%81%E0%B8%8B%E0%B9%8C%E0%B9%80%E0%B8%9E%E0%B8%A3%E0%B8%AA%20%2B%20%E0%B8%AD%E0%B8%AD%E0%B8%A3%E0%B9%88%E0%B8%B2%20%E0%B9%80%E0%B8%AD%E0%B9%87%E0%B8%81%E0%B8%8B%E0%B9%8C%E0%B9%80%E0%B8%9E%E0%B8%A3%E0%B8%AA%20%E0%B8%84%E0%B8%A5%E0%B8%B4%E0%B8%99%E0%B8%B4%E0%B8%81
Aura Xpress,aura_xpress,Aura Xpress Clinic,Seeded from user-provided brand plus common Xpress/Express spelling variants.,,,https://trends.google.com/trends/explore?date=2022-01-01%202026-06-18&geo=TH&q=Aura%20Xpress%20%2B%20Aura%20Express%20%2B%20Aura%20Xpress%20Clinic%20%2B%20%E0%B8%AD%E0%B8%AD%E0%B8%A3%E0%B9%88%E0%B8%B2%20%E0%B9%80%E0%B8%AD%E0%B9%87%E0%B8%81%E0%B8%8B%E0%B9%8C%E0%B9%80%E0%B8%9E%E0%B8%A3%E0%B8%AA%20%2B%20%E0%B8%AD%E0%B8%AD%E0%B8%A3%E0%B9%88%E0%B8%B2%20%E0%B9%80%E0%B8%AD%E0%B9%87%E0%B8%81%E0%B8%8B%E0%B9%8C%E0%B9%80%E0%B8%9E%E0%B8%A3%E0%B8%AA%20%E0%B8%84%E0%B8%A5%E0%B8%B4%E0%B8%99%E0%B8%B4%E0%B8%81
Aura Xpress,aura_xpress,ออร่า เอ็กซ์เพรส,Seeded from user-provided brand plus common Xpress/Express spelling variants.,,,https://trends.google.com/trends/explore?date=2022-01-01%202026-06-18&geo=TH&q=Aura%20Xpress%20%2B%20Aura%20Express%20%2B%20Aura%20Xpress%20Clinic%20%2B%20%E0%B8%AD%E0%B8%AD%E0%B8%A3%E0%B9%88%E0%B8%B2%20%E0%B9%80%E0%B8%AD%E0%B9%87%E0%B8%81%E0%B8%8B%E0%B9%8C%E0%B9%80%E0%B8%9E%E0%B8%A3%E0%B8%AA%20%2B%20%E0%B8%AD%E0%B8%AD%E0%B8%A3%E0%B9%88%E0%B8%B2%20%E0%B9%80%E0%B8%AD%E0%B9%87%E0%B8%81%E0%B8%8B%E0%B9%8C%E0%B9%80%E0%B8%9E%E0%B8%A3%E0%B8%AA%20%E0%B8%84%E0%B8%A5%E0%B8%B4%E0%B8%99%E0%B8%B4%E0%B8%81
Aura Xpress,aura_xpress,ออร่า เอ็กซ์เพรส คลินิก,Seeded from user-provided brand plus common Xpress/Express spelling variants.,,,https://trends.google.com/trends/explore?date=2022-01-01%202026-06-18&geo=TH&q=Aura%20Xpress%20%2B%20Aura%20Express%20%2B%20Aura%20Xpress%20Clinic%20%2B%20%E0%B8%AD%E0%B8%AD%E0%B8%A3%E0%B9%88%E0%B8%B2%20%E0%B9%80%E0%B8%AD%E0%B9%87%E0%B8%81%E0%B8%8B%E0%B9%8C%E0%B9%80%E0%B8%9E%E0%B8%A3%E0%B8%AA%20%2B%20%E0%B8%AD%E0%B8%AD%E0%B8%A3%E0%B9%88%E0%B8%B2%20%E0%B9%80%E0%B8%AD%E0%B9%87%E0%B8%81%E0%B8%8B%E0%B9%8C%E0%B9%80%E0%B8%9E%E0%B8%A3%E0%B8%AA%20%E0%B8%84%E0%B8%A5%E0%B8%B4%E0%B8%99%E0%B8%B4%E0%B8%81
Vsquare,vsquare,V Square Clinic,Official website title and page text use V Square Clinic.,https://www.vsquareclinic.com/,,https://trends.google.com/trends/explore?date=2022-01-01%202026-06-18&geo=TH&q=V%20Square%20Clinic%20%2B%20VSquare%20Clinic%20%2B%20V%20Square%20%2B%20%E0%B8%A7%E0%B8%B5%E0%B8%AA%E0%B9%81%E0%B8%84%E0%B8%A7%E0%B8%A3%E0%B9%8C%E0%B8%84%E0%B8%A5%E0%B8%B4%E0%B8%99%E0%B8%B4%E0%B8%81%20%2B%20%E0%B8%A7%E0%B8%B5%20%E0%B8%AA%E0%B9%81%E0%B8%84%E0%B8%A7%E0%B8%A3%E0%B9%8C%20%E0%B8%84%E0%B8%A5%E0%B8%B4%E0%B8%99%E0%B8%B4%E0%B8%81
Vsquare,vsquare,VSquare Clinic,Official website title and page text use V Square Clinic.,https://www.vsquareclinic.com/,,https://trends.google.com/trends/explore?date=2022-01-01%202026-06-18&geo=TH&q=V%20Square%20Clinic%20%2B%20VSquare%20Clinic%20%2B%20V%20Square%20%2B%20%E0%B8%A7%E0%B8%B5%E0%B8%AA%E0%B9%81%E0%B8%84%E0%B8%A7%E0%B8%A3%E0%B9%8C%E0%B8%84%E0%B8%A5%E0%B8%B4%E0%B8%99%E0%B8%B4%E0%B8%81%20%2B%20%E0%B8%A7%E0%B8%B5%20%E0%B8%AA%E0%B9%81%E0%B8%84%E0%B8%A7%E0%B8%A3%E0%B9%8C%20%E0%B8%84%E0%B8%A5%E0%B8%B4%E0%B8%99%E0%B8%B4%E0%B8%81
Vsquare,vsquare,V Square,Official website title and page text use V Square Clinic.,https://www.vsquareclinic.com/,,https://trends.google.com/trends/explore?date=2022-01-01%202026-06-18&geo=TH&q=V%20Square%20Clinic%20%2B%20VSquare%20Clinic%20%2B%20V%20Square%20%2B%20%E0%B8%A7%E0%B8%B5%E0%B8%AA%E0%B9%81%E0%B8%84%E0%B8%A7%E0%B8%A3%E0%B9%8C%E0%B8%84%E0%B8%A5%E0%B8%B4%E0%B8%99%E0%B8%B4%E0%B8%81%20%2B%20%E0%B8%A7%E0%B8%B5%20%E0%B8%AA%E0%B9%81%E0%B8%84%E0%B8%A7%E0%B8%A3%E0%B9%8C%20%E0%B8%84%E0%B8%A5%E0%B8%B4%E0%B8%99%E0%B8%B4%E0%B8%81
Vsquare,vsquare,วีสแควร์คลินิก,Official website title and page text use V Square Clinic.,https://www.vsquareclinic.com/,,https://trends.google.com/trends/explore?date=2022-01-01%202026-06-18&geo=TH&q=V%20Square%20Clinic%20%2B%20VSquare%20Clinic%20%2B%20V%20Square%20%2B%20%E0%B8%A7%E0%B8%B5%E0%B8%AA%E0%B9%81%E0%B8%84%E0%B8%A7%E0%B8%A3%E0%B9%8C%E0%B8%84%E0%B8%A5%E0%B8%B4%E0%B8%99%E0%B8%B4%E0%B8%81%20%2B%20%E0%B8%A7%E0%B8%B5%20%E0%B8%AA%E0%B9%81%E0%B8%84%E0%B8%A7%E0%B8%A3%E0%B9%8C%20%E0%B8%84%E0%B8%A5%E0%B8%B4%E0%B8%99%E0%B8%B4%E0%B8%81
Vsquare,vsquare,วี สแควร์ คลินิก,Official website title and page text use V Square Clinic.,https://www.vsquareclinic.com/,,https://trends.google.com/trends/explore?date=2022-01-01%202026-06-18&geo=TH&q=V%20Square%20Clinic%20%2B%20VSquare%20Clinic%20%2B%20V%20Square%20%2B%20%E0%B8%A7%E0%B8%B5%E0%B8%AA%E0%B9%81%E0%B8%84%E0%B8%A7%E0%B8%A3%E0%B9%8C%E0%B8%84%E0%B8%A5%E0%B8%B4%E0%B8%99%E0%B8%B4%E0%B8%81%20%2B%20%E0%B8%A7%E0%B8%B5%20%E0%B8%AA%E0%B9%81%E0%B8%84%E0%B8%A7%E0%B8%A3%E0%B9%8C%20%E0%B8%84%E0%B8%A5%E0%B8%B4%E0%B8%99%E0%B8%B4%E0%B8%81
SLC,slc,SLC Clinic,Official website title uses SLC(Clinics&Hospital).,https://www.slcclinic.com/,Acronym can include non-clinic meanings; clinic/hospital aliases reduce but do not remove noise.,https://trends.google.com/trends/explore?date=2022-01-01%202026-06-18&geo=TH&q=SLC%20Clinic%20%2B%20SLC%20Hospital%20%2B%20SLC%20%E0%B8%84%E0%B8%A5%E0%B8%B4%E0%B8%99%E0%B8%B4%E0%B8%81%20%2B%20%E0%B9%80%E0%B8%AD%E0%B8%AA%E0%B9%81%E0%B8%AD%E0%B8%A5%E0%B8%8B%E0%B8%B5%20%E0%B8%84%E0%B8%A5%E0%B8%B4%E0%B8%99%E0%B8%B4%E0%B8%81%20%2B%20SLC%20Clinics%20Hospital
SLC,slc,SLC Hospital,Official website title uses SLC(Clinics&Hospital).,https://www.slcclinic.com/,Acronym can include non-clinic meanings; clinic/hospital aliases reduce but do not remove noise.,https://trends.google.com/trends/explore?date=2022-01-01%202026-06-18&geo=TH&q=SLC%20Clinic%20%2B%20SLC%20Hospital%20%2B%20SLC%20%E0%B8%84%E0%B8%A5%E0%B8%B4%E0%B8%99%E0%B8%B4%E0%B8%81%20%2B%20%E0%B9%80%E0%B8%AD%E0%B8%AA%E0%B9%81%E0%B8%AD%E0%B8%A5%E0%B8%8B%E0%B8%B5%20%E0%B8%84%E0%B8%A5%E0%B8%B4%E0%B8%99%E0%B8%B4%E0%B8%81%20%2B%20SLC%20Clinics%20Hospital
SLC,slc,SLC คลินิก,Official website title uses SLC(Clinics&Hospital).,https://www.slcclinic.com/,Acronym can include non-clinic meanings; clinic/hospital aliases reduce but do not remove noise.,https://trends.google.com/trends/explore?date=2022-01-01%202026-06-18&geo=TH&q=SLC%20Clinic%20%2B%20SLC%20Hospital%20%2B%20SLC%20%E0%B8%84%E0%B8%A5%E0%B8%B4%E0%B8%99%E0%B8%B4%E0%B8%81%20%2B%20%E0%B9%80%E0%B8%AD%E0%B8%AA%E0%B9%81%E0%B8%AD%E0%B8%A5%E0%B8%8B%E0%B8%B5%20%E0%B8%84%E0%B8%A5%E0%B8%B4%E0%B8%99%E0%B8%B4%E0%B8%81%20%2B%20SLC%20Clinics%20Hospital
SLC,slc,เอสแอลซี คลินิก,Official website title uses SLC(Clinics&Hospital).,https://www.slcclinic.com/,Acronym can include non-clinic meanings; clinic/hospital aliases reduce but do not remove noise.,https://trends.google.com/trends/explore?date=2022-01-01%202026-06-18&geo=TH&q=SLC%20Clinic%20%2B%20SLC%20Hospital%20%2B%20SLC%20%E0%B8%84%E0%B8%A5%E0%B8%B4%E0%B8%99%E0%B8%B4%E0%B8%81%20%2B%20%E0%B9%80%E0%B8%AD%E0%B8%AA%E0%B9%81%E0%B8%AD%E0%B8%A5%E0%B8%8B%E0%B8%B5%20%E0%B8%84%E0%B8%A5%E0%B8%B4%E0%B8%99%E0%B8%B4%E0%B8%81%20%2B%20SLC%20Clinics%20Hospital
SLC,slc,SLC Clinics Hospital,Official website title uses SLC(Clinics&Hospital).,https://www.slcclinic.com/,Acronym can include non-clinic meanings; clinic/hospital aliases reduce but do not remove noise.,https://trends.google.com/trends/explore?date=2022-01-01%202026-06-18&geo=TH&q=SLC%20Clinic%20%2B%20SLC%20Hospital%20%2B%20SLC%20%E0%B8%84%E0%B8%A5%E0%B8%B4%E0%B8%99%E0%B8%B4%E0%B8%81%20%2B%20%E0%B9%80%E0%B8%AD%E0%B8%AA%E0%B9%81%E0%B8%AD%E0%B8%A5%E0%B8%8B%E0%B8%B5%20%E0%B8%84%E0%B8%A5%E0%B8%B4%E0%B8%99%E0%B8%B4%E0%B8%81%20%2B%20SLC%20Clinics%20Hospital
APEX,apex,APEX Clinic,Official website title uses APEX Hospital & Clinic and Apex Beauty.,https://www.apexprofoundbeauty.com/,APEX is generic outside beauty clinics; clinic/medical aliases are included.,https://trends.google.com/trends/explore?date=2022-01-01%202026-06-18&geo=TH&q=APEX%20Clinic%20%2B%20APEX%20Medical%20Center%20%2B%20Apex%20Profound%20Beauty%20%2B%20%E0%B9%80%E0%B8%AD%E0%B9%80%E0%B8%9E%E0%B9%87%E0%B8%81%E0%B8%8B%E0%B9%8C%20%E0%B8%84%E0%B8%A5%E0%B8%B4%E0%B8%99%E0%B8%B4%E0%B8%81%20%2B%20%E0%B9%80%E0%B8%AD%E0%B9%80%E0%B8%9E%E0%B9%87%E0%B8%81%E0%B8%8B%E0%B9%8C
APEX,apex,APEX Medical Center,Official website title uses APEX Hospital & Clinic and Apex Beauty.,https://www.apexprofoundbeauty.com/,APEX is generic outside beauty clinics; clinic/medical aliases are included.,https://trends.google.com/trends/explore?date=2022-01-01%202026-06-18&geo=TH&q=APEX%20Clinic%20%2B%20APEX%20Medical%20Center%20%2B%20Apex%20Profound%20Beauty%20%2B%20%E0%B9%80%E0%B8%AD%E0%B9%80%E0%B8%9E%E0%B9%87%E0%B8%81%E0%B8%8B%E0%B9%8C%20%E0%B8%84%E0%B8%A5%E0%B8%B4%E0%B8%99%E0%B8%B4%E0%B8%81%20%2B%20%E0%B9%80%E0%B8%AD%E0%B9%80%E0%B8%9E%E0%B9%87%E0%B8%81%E0%B8%8B%E0%B9%8C
APEX,apex,Apex Profound Beauty,Official website title uses APEX Hospital & Clinic and Apex Beauty.,https://www.apexprofoundbeauty.com/,APEX is generic outside beauty clinics; clinic/medical aliases are included.,https://trends.google.com/trends/explore?date=2022-01-01%202026-06-18&geo=TH&q=APEX%20Clinic%20%2B%20APEX%20Medical%20Center%20%2B%20Apex%20Profound%20Beauty%20%2B%20%E0%B9%80%E0%B8%AD%E0%B9%80%E0%B8%9E%E0%B9%87%E0%B8%81%E0%B8%8B%E0%B9%8C%20%E0%B8%84%E0%B8%A5%E0%B8%B4%E0%B8%99%E0%B8%B4%E0%B8%81%20%2B%20%E0%B9%80%E0%B8%AD%E0%B9%80%E0%B8%9E%E0%B9%87%E0%B8%81%E0%B8%8B%E0%B9%8C
APEX,apex,เอเพ็กซ์ คลินิก,Official website title uses APEX Hospital & Clinic and Apex Beauty.,https://www.apexprofoundbeauty.com/,APEX is generic outside beauty clinics; clinic/medical aliases are included.,https://trends.google.com/trends/explore?date=2022-01-01%202026-06-18&geo=TH&q=APEX%20Clinic%20%2B%20APEX%20Medical%20Center%20%2B%20Apex%20Profound%20Beauty%20%2B%20%E0%B9%80%E0%B8%AD%E0%B9%80%E0%B8%9E%E0%B9%87%E0%B8%81%E0%B8%8B%E0%B9%8C%20%E0%B8%84%E0%B8%A5%E0%B8%B4%E0%B8%99%E0%B8%B4%E0%B8%81%20%2B%20%E0%B9%80%E0%B8%AD%E0%B9%80%E0%B8%9E%E0%B9%87%E0%B8%81%E0%B8%8B%E0%B9%8C
APEX,apex,เอเพ็กซ์,Official website title uses APEX Hospital & Clinic and Apex Beauty.,https://www.apexprofoundbeauty.com/,APEX is generic outside beauty clinics; clinic/medical aliases are included.,https://trends.google.com/trends/explore?date=2022-01-01%202026-06-18&geo=TH&q=APEX%20Clinic%20%2B%20APEX%20Medical%20Center%20%2B%20Apex%20Profound%20Beauty%20%2B%20%E0%B9%80%E0%B8%AD%E0%B9%80%E0%B8%9E%E0%B9%87%E0%B8%81%E0%B8%8B%E0%B9%8C%20%E0%B8%84%E0%B8%A5%E0%B8%B4%E0%B8%99%E0%B8%B4%E0%B8%81%20%2B%20%E0%B9%80%E0%B8%AD%E0%B9%80%E0%B8%9E%E0%B9%87%E0%B8%81%E0%B8%8B%E0%B9%8C
KKC clinic,kkc,KKC Clinic,Seeded from user-provided brand plus Thai/English spelling variants; official source not verified in this run.,,Acronym can include unrelated meanings.,https://trends.google.com/trends/explore?date=2022-01-01%202026-06-18&geo=TH&q=KKC%20Clinic%20%2B%20KKC%20%E0%B8%84%E0%B8%A5%E0%B8%B4%E0%B8%99%E0%B8%B4%E0%B8%81%20%2B%20%E0%B9%80%E0%B8%84%E0%B9%80%E0%B8%84%E0%B8%8B%E0%B8%B5%20%E0%B8%84%E0%B8%A5%E0%B8%B4%E0%B8%99%E0%B8%B4%E0%B8%81%20%2B%20%E0%B9%80%E0%B8%84%E0%B9%80%E0%B8%84%E0%B8%8B%E0%B8%B5%E0%B8%84%E0%B8%A5%E0%B8%B4%E0%B8%99%E0%B8%B4%E0%B8%81
KKC clinic,kkc,KKC คลินิก,Seeded from user-provided brand plus Thai/English spelling variants; official source not verified in this run.,,Acronym can include unrelated meanings.,https://trends.google.com/trends/explore?date=2022-01-01%202026-06-18&geo=TH&q=KKC%20Clinic%20%2B%20KKC%20%E0%B8%84%E0%B8%A5%E0%B8%B4%E0%B8%99%E0%B8%B4%E0%B8%81%20%2B%20%E0%B9%80%E0%B8%84%E0%B9%80%E0%B8%84%E0%B8%8B%E0%B8%B5%20%E0%B8%84%E0%B8%A5%E0%B8%B4%E0%B8%99%E0%B8%B4%E0%B8%81%20%2B%20%E0%B9%80%E0%B8%84%E0%B9%80%E0%B8%84%E0%B8%8B%E0%B8%B5%E0%B8%84%E0%B8%A5%E0%B8%B4%E0%B8%99%E0%B8%B4%E0%B8%81
KKC clinic,kkc,เคเคซี คลินิก,Seeded from user-provided brand plus Thai/English spelling variants; official source not verified in this run.,,Acronym can include unrelated meanings.,https://trends.google.com/trends/explore?date=2022-01-01%202026-06-18&geo=TH&q=KKC%20Clinic%20%2B%20KKC%20%E0%B8%84%E0%B8%A5%E0%B8%B4%E0%B8%99%E0%B8%B4%E0%B8%81%20%2B%20%E0%B9%80%E0%B8%84%E0%B9%80%E0%B8%84%E0%B8%8B%E0%B8%B5%20%E0%B8%84%E0%B8%A5%E0%B8%B4%E0%B8%99%E0%B8%B4%E0%B8%81%20%2B%20%E0%B9%80%E0%B8%84%E0%B9%80%E0%B8%84%E0%B8%8B%E0%B8%B5%E0%B8%84%E0%B8%A5%E0%B8%B4%E0%B8%99%E0%B8%B4%E0%B8%81
KKC clinic,kkc,เคเคซีคลินิก,Seeded from user-provided brand plus Thai/English spelling variants; official source not verified in this run.,,Acronym can include unrelated meanings.,https://trends.google.com/trends/explore?date=2022-01-01%202026-06-18&geo=TH&q=KKC%20Clinic%20%2B%20KKC%20%E0%B8%84%E0%B8%A5%E0%B8%B4%E0%B8%99%E0%B8%B4%E0%B8%81%20%2B%20%E0%B9%80%E0%B8%84%E0%B9%80%E0%B8%84%E0%B8%8B%E0%B8%B5%20%E0%B8%84%E0%B8%A5%E0%B8%B4%E0%B8%99%E0%B8%B4%E0%B8%81%20%2B%20%E0%B9%80%E0%B8%84%E0%B9%80%E0%B8%84%E0%B8%8B%E0%B8%B5%E0%B8%84%E0%B8%A5%E0%B8%B4%E0%B8%99%E0%B8%B4%E0%B8%81
พรเกษม,pornkasem,พรเกษม,Official website uses พรเกษม and Pornkasem.,https://www.pornkasemclinic.com/,,https://trends.google.com/trends/explore?date=2022-01-01%202026-06-18&geo=TH&q=%E0%B8%9E%E0%B8%A3%E0%B9%80%E0%B8%81%E0%B8%A9%E0%B8%A1%20%2B%20%E0%B8%9E%E0%B8%A3%E0%B9%80%E0%B8%81%E0%B8%A9%E0%B8%A1%E0%B8%84%E0%B8%A5%E0%B8%B4%E0%B8%99%E0%B8%B4%E0%B8%81%20%2B%20%E0%B8%9E%E0%B8%A3%E0%B9%80%E0%B8%81%E0%B8%A9%E0%B8%A1%20%E0%B8%84%E0%B8%A5%E0%B8%B4%E0%B8%99%E0%B8%B4%E0%B8%81%20%2B%20Pornkasem%20Clinic%20%2B%20Pornkasem
พรเกษม,pornkasem,พรเกษมคลินิก,Official website uses พรเกษม and Pornkasem.,https://www.pornkasemclinic.com/,,https://trends.google.com/trends/explore?date=2022-01-01%202026-06-18&geo=TH&q=%E0%B8%9E%E0%B8%A3%E0%B9%80%E0%B8%81%E0%B8%A9%E0%B8%A1%20%2B%20%E0%B8%9E%E0%B8%A3%E0%B9%80%E0%B8%81%E0%B8%A9%E0%B8%A1%E0%B8%84%E0%B8%A5%E0%B8%B4%E0%B8%99%E0%B8%B4%E0%B8%81%20%2B%20%E0%B8%9E%E0%B8%A3%E0%B9%80%E0%B8%81%E0%B8%A9%E0%B8%A1%20%E0%B8%84%E0%B8%A5%E0%B8%B4%E0%B8%99%E0%B8%B4%E0%B8%81%20%2B%20Pornkasem%20Clinic%20%2B%20Pornkasem
พรเกษม,pornkasem,พรเกษม คลินิก,Official website uses พรเกษม and Pornkasem.,https://www.pornkasemclinic.com/,,https://trends.google.com/trends/explore?date=2022-01-01%202026-06-18&geo=TH&q=%E0%B8%9E%E0%B8%A3%E0%B9%80%E0%B8%81%E0%B8%A9%E0%B8%A1%20%2B%20%E0%B8%9E%E0%B8%A3%E0%B9%80%E0%B8%81%E0%B8%A9%E0%B8%A1%E0%B8%84%E0%B8%A5%E0%B8%B4%E0%B8%99%E0%B8%B4%E0%B8%81%20%2B%20%E0%B8%9E%E0%B8%A3%E0%B9%80%E0%B8%81%E0%B8%A9%E0%B8%A1%20%E0%B8%84%E0%B8%A5%E0%B8%B4%E0%B8%99%E0%B8%B4%E0%B8%81%20%2B%20Pornkasem%20Clinic%20%2B%20Pornkasem
พรเกษม,pornkasem,Pornkasem Clinic,Official website uses พรเกษม and Pornkasem.,https://www.pornkasemclinic.com/,,https://trends.google.com/trends/explore?date=2022-01-01%202026-06-18&geo=TH&q=%E0%B8%9E%E0%B8%A3%E0%B9%80%E0%B8%81%E0%B8%A9%E0%B8%A1%20%2B%20%E0%B8%9E%E0%B8%A3%E0%B9%80%E0%B8%81%E0%B8%A9%E0%B8%A1%E0%B8%84%E0%B8%A5%E0%B8%B4%E0%B8%99%E0%B8%B4%E0%B8%81%20%2B%20%E0%B8%9E%E0%B8%A3%E0%B9%80%E0%B8%81%E0%B8%A9%E0%B8%A1%20%E0%B8%84%E0%B8%A5%E0%B8%B4%E0%B8%99%E0%B8%B4%E0%B8%81%20%2B%20Pornkasem%20Clinic%20%2B%20Pornkasem
พรเกษม,pornkasem,Pornkasem,Official website uses พรเกษม and Pornkasem.,https://www.pornkasemclinic.com/,,https://trends.google.com/trends/explore?date=2022-01-01%202026-06-18&geo=TH&q=%E0%B8%9E%E0%B8%A3%E0%B9%80%E0%B8%81%E0%B8%A9%E0%B8%A1%20%2B%20%E0%B8%9E%E0%B8%A3%E0%B9%80%E0%B8%81%E0%B8%A9%E0%B8%A1%E0%B8%84%E0%B8%A5%E0%B8%B4%E0%B8%99%E0%B8%B4%E0%B8%81%20%2B%20%E0%B8%9E%E0%B8%A3%E0%B9%80%E0%B8%81%E0%B8%A9%E0%B8%A1%20%E0%B8%84%E0%B8%A5%E0%B8%B4%E0%B8%99%E0%B8%B4%E0%B8%81%20%2B%20Pornkasem%20Clinic%20%2B%20Pornkasem
Gangnam clinic,gangnam,Gangnam Clinic,Official website title uses Gangnam Clinic.,https://www.gangnamconsult.com/,,https://trends.google.com/trends/explore?date=2022-01-01%202026-06-18&geo=TH&q=Gangnam%20Clinic%20%2B%20Gangnam%20Consult%20%2B%20%E0%B8%81%E0%B8%B1%E0%B8%87%E0%B8%99%E0%B8%B1%E0%B8%A1%E0%B8%84%E0%B8%A5%E0%B8%B4%E0%B8%99%E0%B8%B4%E0%B8%81%20%2B%20%E0%B8%81%E0%B8%B1%E0%B8%87%E0%B8%99%E0%B8%B1%E0%B8%A1%20%E0%B8%84%E0%B8%A5%E0%B8%B4%E0%B8%99%E0%B8%B4%E0%B8%81
Gangnam clinic,gangnam,Gangnam Consult,Official website title uses Gangnam Clinic.,https://www.gangnamconsult.com/,,https://trends.google.com/trends/explore?date=2022-01-01%202026-06-18&geo=TH&q=Gangnam%20Clinic%20%2B%20Gangnam%20Consult%20%2B%20%E0%B8%81%E0%B8%B1%E0%B8%87%E0%B8%99%E0%B8%B1%E0%B8%A1%E0%B8%84%E0%B8%A5%E0%B8%B4%E0%B8%99%E0%B8%B4%E0%B8%81%20%2B%20%E0%B8%81%E0%B8%B1%E0%B8%87%E0%B8%99%E0%B8%B1%E0%B8%A1%20%E0%B8%84%E0%B8%A5%E0%B8%B4%E0%B8%99%E0%B8%B4%E0%B8%81
Gangnam clinic,gangnam,กังนัมคลินิก,Official website title uses Gangnam Clinic.,https://www.gangnamconsult.com/,,https://trends.google.com/trends/explore?date=2022-01-01%202026-06-18&geo=TH&q=Gangnam%20Clinic%20%2B%20Gangnam%20Consult%20%2B%20%E0%B8%81%E0%B8%B1%E0%B8%87%E0%B8%99%E0%B8%B1%E0%B8%A1%E0%B8%84%E0%B8%A5%E0%B8%B4%E0%B8%99%E0%B8%B4%E0%B8%81%20%2B%20%E0%B8%81%E0%B8%B1%E0%B8%87%E0%B8%99%E0%B8%B1%E0%B8%A1%20%E0%B8%84%E0%B8%A5%E0%B8%B4%E0%B8%99%E0%B8%B4%E0%B8%81
Gangnam clinic,gangnam,กังนัม คลินิก,Official website title uses Gangnam Clinic.,https://www.gangnamconsult.com/,,https://trends.google.com/trends/explore?date=2022-01-01%202026-06-18&geo=TH&q=Gangnam%20Clinic%20%2B%20Gangnam%20Consult%20%2B%20%E0%B8%81%E0%B8%B1%E0%B8%87%E0%B8%99%E0%B8%B1%E0%B8%A1%E0%B8%84%E0%B8%A5%E0%B8%B4%E0%B8%99%E0%B8%B4%E0%B8%81%20%2B%20%E0%B8%81%E0%B8%B1%E0%B8%87%E0%B8%99%E0%B8%B1%E0%B8%A1%20%E0%B8%84%E0%B8%A5%E0%B8%B4%E0%B8%99%E0%B8%B4%E0%B8%81
Souel clinic,souel,Souel Clinic,User spelling retained; Seoul spelling added as likely English variant.,,Spelling is ambiguous: user wrote Souel; Seoul is included as a likely variant and should be reviewed.,https://trends.google.com/trends/explore?date=2022-01-01%202026-06-18&geo=TH&q=Souel%20Clinic%20%2B%20Seoul%20Clinic%20%2B%20Seoul%20Clinic%20Thailand%20%2B%20%E0%B9%82%E0%B8%8B%E0%B8%A5%E0%B8%84%E0%B8%A5%E0%B8%B4%E0%B8%99%E0%B8%B4%E0%B8%81%20%2B%20%E0%B9%82%E0%B8%8B%E0%B8%A5%20%E0%B8%84%E0%B8%A5%E0%B8%B4%E0%B8%99%E0%B8%B4%E0%B8%81
Souel clinic,souel,Seoul Clinic,User spelling retained; Seoul spelling added as likely English variant.,,Spelling is ambiguous: user wrote Souel; Seoul is included as a likely variant and should be reviewed.,https://trends.google.com/trends/explore?date=2022-01-01%202026-06-18&geo=TH&q=Souel%20Clinic%20%2B%20Seoul%20Clinic%20%2B%20Seoul%20Clinic%20Thailand%20%2B%20%E0%B9%82%E0%B8%8B%E0%B8%A5%E0%B8%84%E0%B8%A5%E0%B8%B4%E0%B8%99%E0%B8%B4%E0%B8%81%20%2B%20%E0%B9%82%E0%B8%8B%E0%B8%A5%20%E0%B8%84%E0%B8%A5%E0%B8%B4%E0%B8%99%E0%B8%B4%E0%B8%81
Souel clinic,souel,Seoul Clinic Thailand,User spelling retained; Seoul spelling added as likely English variant.,,Spelling is ambiguous: user wrote Souel; Seoul is included as a likely variant and should be reviewed.,https://trends.google.com/trends/explore?date=2022-01-01%202026-06-18&geo=TH&q=Souel%20Clinic%20%2B%20Seoul%20Clinic%20%2B%20Seoul%20Clinic%20Thailand%20%2B%20%E0%B9%82%E0%B8%8B%E0%B8%A5%E0%B8%84%E0%B8%A5%E0%B8%B4%E0%B8%99%E0%B8%B4%E0%B8%81%20%2B%20%E0%B9%82%E0%B8%8B%E0%B8%A5%20%E0%B8%84%E0%B8%A5%E0%B8%B4%E0%B8%99%E0%B8%B4%E0%B8%81
Souel clinic,souel,โซลคลินิก,User spelling retained; Seoul spelling added as likely English variant.,,Spelling is ambiguous: user wrote Souel; Seoul is included as a likely variant and should be reviewed.,https://trends.google.com/trends/explore?date=2022-01-01%202026-06-18&geo=TH&q=Souel%20Clinic%20%2B%20Seoul%20Clinic%20%2B%20Seoul%20Clinic%20Thailand%20%2B%20%E0%B9%82%E0%B8%8B%E0%B8%A5%E0%B8%84%E0%B8%A5%E0%B8%B4%E0%B8%99%E0%B8%B4%E0%B8%81%20%2B%20%E0%B9%82%E0%B8%8B%E0%B8%A5%20%E0%B8%84%E0%B8%A5%E0%B8%B4%E0%B8%99%E0%B8%B4%E0%B8%81
Souel clinic,souel,โซล คลินิก,User spelling retained; Seoul spelling added as likely English variant.,,Spelling is ambiguous: user wrote Souel; Seoul is included as a likely variant and should be reviewed.,https://trends.google.com/trends/explore?date=2022-01-01%202026-06-18&geo=TH&q=Souel%20Clinic%20%2B%20Seoul%20Clinic%20%2B%20Seoul%20Clinic%20Thailand%20%2B%20%E0%B9%82%E0%B8%8B%E0%B8%A5%E0%B8%84%E0%B8%A5%E0%B8%B4%E0%B8%99%E0%B8%B4%E0%B8%81%20%2B%20%E0%B9%82%E0%B8%8B%E0%B8%A5%20%E0%B8%84%E0%B8%A5%E0%B8%B4%E0%B8%99%E0%B8%B4%E0%B8%81
Romrawin,romrawin,Romrawin Clinic,Official website title uses รมย์รวินท์คลินิก.,https://www.romrawin.com/,,https://trends.google.com/trends/explore?date=2022-01-01%202026-06-18&geo=TH&q=Romrawin%20Clinic%20%2B%20Romrawin%20%2B%20%E0%B8%A3%E0%B8%A1%E0%B8%A2%E0%B9%8C%E0%B8%A3%E0%B8%A7%E0%B8%B4%E0%B8%99%E0%B8%97%E0%B9%8C%20%2B%20%E0%B8%A3%E0%B8%A1%E0%B8%A2%E0%B9%8C%E0%B8%A3%E0%B8%A7%E0%B8%B4%E0%B8%99%E0%B8%97%E0%B9%8C%E0%B8%84%E0%B8%A5%E0%B8%B4%E0%B8%99%E0%B8%B4%E0%B8%81%20%2B%20%E0%B8%A3%E0%B8%A1%E0%B8%A2%E0%B9%8C%E0%B8%A3%E0%B8%A7%E0%B8%B4%E0%B8%99%E0%B8%97%E0%B9%8C%20%E0%B8%84%E0%B8%A5%E0%B8%B4%E0%B8%99%E0%B8%B4%E0%B8%81
Romrawin,romrawin,Romrawin,Official website title uses รมย์รวินท์คลินิก.,https://www.romrawin.com/,,https://trends.google.com/trends/explore?date=2022-01-01%202026-06-18&geo=TH&q=Romrawin%20Clinic%20%2B%20Romrawin%20%2B%20%E0%B8%A3%E0%B8%A1%E0%B8%A2%E0%B9%8C%E0%B8%A3%E0%B8%A7%E0%B8%B4%E0%B8%99%E0%B8%97%E0%B9%8C%20%2B%20%E0%B8%A3%E0%B8%A1%E0%B8%A2%E0%B9%8C%E0%B8%A3%E0%B8%A7%E0%B8%B4%E0%B8%99%E0%B8%97%E0%B9%8C%E0%B8%84%E0%B8%A5%E0%B8%B4%E0%B8%99%E0%B8%B4%E0%B8%81%20%2B%20%E0%B8%A3%E0%B8%A1%E0%B8%A2%E0%B9%8C%E0%B8%A3%E0%B8%A7%E0%B8%B4%E0%B8%99%E0%B8%97%E0%B9%8C%20%E0%B8%84%E0%B8%A5%E0%B8%B4%E0%B8%99%E0%B8%B4%E0%B8%81
Romrawin,romrawin,รมย์รวินท์,Official website title uses รมย์รวินท์คลินิก.,https://www.romrawin.com/,,https://trends.google.com/trends/explore?date=2022-01-01%202026-06-18&geo=TH&q=Romrawin%20Clinic%20%2B%20Romrawin%20%2B%20%E0%B8%A3%E0%B8%A1%E0%B8%A2%E0%B9%8C%E0%B8%A3%E0%B8%A7%E0%B8%B4%E0%B8%99%E0%B8%97%E0%B9%8C%20%2B%20%E0%B8%A3%E0%B8%A1%E0%B8%A2%E0%B9%8C%E0%B8%A3%E0%B8%A7%E0%B8%B4%E0%B8%99%E0%B8%97%E0%B9%8C%E0%B8%84%E0%B8%A5%E0%B8%B4%E0%B8%99%E0%B8%B4%E0%B8%81%20%2B%20%E0%B8%A3%E0%B8%A1%E0%B8%A2%E0%B9%8C%E0%B8%A3%E0%B8%A7%E0%B8%B4%E0%B8%99%E0%B8%97%E0%B9%8C%20%E0%B8%84%E0%B8%A5%E0%B8%B4%E0%B8%99%E0%B8%B4%E0%B8%81
Romrawin,romrawin,รมย์รวินท์คลินิก,Official website title uses รมย์รวินท์คลินิก.,https://www.romrawin.com/,,https://trends.google.com/trends/explore?date=2022-01-01%202026-06-18&geo=TH&q=Romrawin%20Clinic%20%2B%20Romrawin%20%2B%20%E0%B8%A3%E0%B8%A1%E0%B8%A2%E0%B9%8C%E0%B8%A3%E0%B8%A7%E0%B8%B4%E0%B8%99%E0%B8%97%E0%B9%8C%20%2B%20%E0%B8%A3%E0%B8%A1%E0%B8%A2%E0%B9%8C%E0%B8%A3%E0%B8%A7%E0%B8%B4%E0%B8%99%E0%B8%97%E0%B9%8C%E0%B8%84%E0%B8%A5%E0%B8%B4%E0%B8%99%E0%B8%B4%E0%B8%81%20%2B%20%E0%B8%A3%E0%B8%A1%E0%B8%A2%E0%B9%8C%E0%B8%A3%E0%B8%A7%E0%B8%B4%E0%B8%99%E0%B8%97%E0%B9%8C%20%E0%B8%84%E0%B8%A5%E0%B8%B4%E0%B8%99%E0%B8%B4%E0%B8%81
Romrawin,romrawin,รมย์รวินท์ คลินิก,Official website title uses รมย์รวินท์คลินิก.,https://www.romrawin.com/,,https://trends.google.com/trends/explore?date=2022-01-01%202026-06-18&geo=TH&q=Romrawin%20Clinic%20%2B%20Romrawin%20%2B%20%E0%B8%A3%E0%B8%A1%E0%B8%A2%E0%B9%8C%E0%B8%A3%E0%B8%A7%E0%B8%B4%E0%B8%99%E0%B8%97%E0%B9%8C%20%2B%20%E0%B8%A3%E0%B8%A1%E0%B8%A2%E0%B9%8C%E0%B8%A3%E0%B8%A7%E0%B8%B4%E0%B8%99%E0%B8%97%E0%B9%8C%E0%B8%84%E0%B8%A5%E0%B8%B4%E0%B8%99%E0%B8%B4%E0%B8%81%20%2B%20%E0%B8%A3%E0%B8%A1%E0%B8%A2%E0%B9%8C%E0%B8%A3%E0%B8%A7%E0%B8%B4%E0%B8%99%E0%B8%97%E0%B9%8C%20%E0%B8%84%E0%B8%A5%E0%B8%B4%E0%B8%99%E0%B8%B4%E0%B8%81
นิติพล,nitipon,นิติพล,Seeded from user-provided Thai name plus common English spelling.,,,https://trends.google.com/trends/explore?date=2022-01-01%202026-06-18&geo=TH&q=%E0%B8%99%E0%B8%B4%E0%B8%95%E0%B8%B4%E0%B8%9E%E0%B8%A5%20%2B%20%E0%B8%99%E0%B8%B4%E0%B8%95%E0%B8%B4%E0%B8%9E%E0%B8%A5%E0%B8%84%E0%B8%A5%E0%B8%B4%E0%B8%99%E0%B8%B4%E0%B8%81%20%2B%20%E0%B8%99%E0%B8%B4%E0%B8%95%E0%B8%B4%E0%B8%9E%E0%B8%A5%20%E0%B8%84%E0%B8%A5%E0%B8%B4%E0%B8%99%E0%B8%B4%E0%B8%81%20%2B%20Nitipon%20Clinic%20%2B%20Nitipon
นิติพล,nitipon,นิติพลคลินิก,Seeded from user-provided Thai name plus common English spelling.,,,https://trends.google.com/trends/explore?date=2022-01-01%202026-06-18&geo=TH&q=%E0%B8%99%E0%B8%B4%E0%B8%95%E0%B8%B4%E0%B8%9E%E0%B8%A5%20%2B%20%E0%B8%99%E0%B8%B4%E0%B8%95%E0%B8%B4%E0%B8%9E%E0%B8%A5%E0%B8%84%E0%B8%A5%E0%B8%B4%E0%B8%99%E0%B8%B4%E0%B8%81%20%2B%20%E0%B8%99%E0%B8%B4%E0%B8%95%E0%B8%B4%E0%B8%9E%E0%B8%A5%20%E0%B8%84%E0%B8%A5%E0%B8%B4%E0%B8%99%E0%B8%B4%E0%B8%81%20%2B%20Nitipon%20Clinic%20%2B%20Nitipon
นิติพล,nitipon,นิติพล คลินิก,Seeded from user-provided Thai name plus common English spelling.,,,https://trends.google.com/trends/explore?date=2022-01-01%202026-06-18&geo=TH&q=%E0%B8%99%E0%B8%B4%E0%B8%95%E0%B8%B4%E0%B8%9E%E0%B8%A5%20%2B%20%E0%B8%99%E0%B8%B4%E0%B8%95%E0%B8%B4%E0%B8%9E%E0%B8%A5%E0%B8%84%E0%B8%A5%E0%B8%B4%E0%B8%99%E0%B8%B4%E0%B8%81%20%2B%20%E0%B8%99%E0%B8%B4%E0%B8%95%E0%B8%B4%E0%B8%9E%E0%B8%A5%20%E0%B8%84%E0%B8%A5%E0%B8%B4%E0%B8%99%E0%B8%B4%E0%B8%81%20%2B%20Nitipon%20Clinic%20%2B%20Nitipon
นิติพล,nitipon,Nitipon Clinic,Seeded from user-provided Thai name plus common English spelling.,,,https://trends.google.com/trends/explore?date=2022-01-01%202026-06-18&geo=TH&q=%E0%B8%99%E0%B8%B4%E0%B8%95%E0%B8%B4%E0%B8%9E%E0%B8%A5%20%2B%20%E0%B8%99%E0%B8%B4%E0%B8%95%E0%B8%B4%E0%B8%9E%E0%B8%A5%E0%B8%84%E0%B8%A5%E0%B8%B4%E0%B8%99%E0%B8%B4%E0%B8%81%20%2B%20%E0%B8%99%E0%B8%B4%E0%B8%95%E0%B8%B4%E0%B8%9E%E0%B8%A5%20%E0%B8%84%E0%B8%A5%E0%B8%B4%E0%B8%99%E0%B8%B4%E0%B8%81%20%2B%20Nitipon%20Clinic%20%2B%20Nitipon
นิติพล,nitipon,Nitipon,Seeded from user-provided Thai name plus common English spelling.,,,https://trends.google.com/trends/explore?date=2022-01-01%202026-06-18&geo=TH&q=%E0%B8%99%E0%B8%B4%E0%B8%95%E0%B8%B4%E0%B8%9E%E0%B8%A5%20%2B%20%E0%B8%99%E0%B8%B4%E0%B8%95%E0%B8%B4%E0%B8%9E%E0%B8%A5%E0%B8%84%E0%B8%A5%E0%B8%B4%E0%B8%99%E0%B8%B4%E0%B8%81%20%2B%20%E0%B8%99%E0%B8%B4%E0%B8%95%E0%B8%B4%E0%B8%9E%E0%B8%A5%20%E0%B8%84%E0%B8%A5%E0%B8%B4%E0%B8%99%E0%B8%B4%E0%B8%81%20%2B%20Nitipon%20Clinic%20%2B%20Nitipon
THE RITZ clinic,ritz,THE RITZ Clinic,Seeded from user-provided brand plus Thai/English spelling variants.,,Ritz can include hotel/non-clinic intent; clinic aliases are included.,https://trends.google.com/trends/explore?date=2022-01-01%202026-06-18&geo=TH&q=THE%20RITZ%20Clinic%20%2B%20The%20Ritz%20Clinic%20%2B%20Ritz%20Clinic%20%2B%20%E0%B9%80%E0%B8%94%E0%B8%AD%E0%B8%B0%E0%B8%A3%E0%B8%B4%E0%B8%97%E0%B8%8B%E0%B9%8C%E0%B8%84%E0%B8%A5%E0%B8%B4%E0%B8%99%E0%B8%B4%E0%B8%81%20%2B%20%E0%B9%80%E0%B8%94%E0%B8%AD%E0%B8%B0%20%E0%B8%A3%E0%B8%B4%E0%B8%97%E0%B8%8B%E0%B9%8C%20%E0%B8%84%E0%B8%A5%E0%B8%B4%E0%B8%99%E0%B8%B4%E0%B8%81
THE RITZ clinic,ritz,The Ritz Clinic,Seeded from user-provided brand plus Thai/English spelling variants.,,Ritz can include hotel/non-clinic intent; clinic aliases are included.,https://trends.google.com/trends/explore?date=2022-01-01%202026-06-18&geo=TH&q=THE%20RITZ%20Clinic%20%2B%20The%20Ritz%20Clinic%20%2B%20Ritz%20Clinic%20%2B%20%E0%B9%80%E0%B8%94%E0%B8%AD%E0%B8%B0%E0%B8%A3%E0%B8%B4%E0%B8%97%E0%B8%8B%E0%B9%8C%E0%B8%84%E0%B8%A5%E0%B8%B4%E0%B8%99%E0%B8%B4%E0%B8%81%20%2B%20%E0%B9%80%E0%B8%94%E0%B8%AD%E0%B8%B0%20%E0%B8%A3%E0%B8%B4%E0%B8%97%E0%B8%8B%E0%B9%8C%20%E0%B8%84%E0%B8%A5%E0%B8%B4%E0%B8%99%E0%B8%B4%E0%B8%81
THE RITZ clinic,ritz,Ritz Clinic,Seeded from user-provided brand plus Thai/English spelling variants.,,Ritz can include hotel/non-clinic intent; clinic aliases are included.,https://trends.google.com/trends/explore?date=2022-01-01%202026-06-18&geo=TH&q=THE%20RITZ%20Clinic%20%2B%20The%20Ritz%20Clinic%20%2B%20Ritz%20Clinic%20%2B%20%E0%B9%80%E0%B8%94%E0%B8%AD%E0%B8%B0%E0%B8%A3%E0%B8%B4%E0%B8%97%E0%B8%8B%E0%B9%8C%E0%B8%84%E0%B8%A5%E0%B8%B4%E0%B8%99%E0%B8%B4%E0%B8%81%20%2B%20%E0%B9%80%E0%B8%94%E0%B8%AD%E0%B8%B0%20%E0%B8%A3%E0%B8%B4%E0%B8%97%E0%B8%8B%E0%B9%8C%20%E0%B8%84%E0%B8%A5%E0%B8%B4%E0%B8%99%E0%B8%B4%E0%B8%81
THE RITZ clinic,ritz,เดอะริทซ์คลินิก,Seeded from user-provided brand plus Thai/English spelling variants.,,Ritz can include hotel/non-clinic intent; clinic aliases are included.,https://trends.google.com/trends/explore?date=2022-01-01%202026-06-18&geo=TH&q=THE%20RITZ%20Clinic%20%2B%20The%20Ritz%20Clinic%20%2B%20Ritz%20Clinic%20%2B%20%E0%B9%80%E0%B8%94%E0%B8%AD%E0%B8%B0%E0%B8%A3%E0%B8%B4%E0%B8%97%E0%B8%8B%E0%B9%8C%E0%B8%84%E0%B8%A5%E0%B8%B4%E0%B8%99%E0%B8%B4%E0%B8%81%20%2B%20%E0%B9%80%E0%B8%94%E0%B8%AD%E0%B8%B0%20%E0%B8%A3%E0%B8%B4%E0%B8%97%E0%B8%8B%E0%B9%8C%20%E0%B8%84%E0%B8%A5%E0%B8%B4%E0%B8%99%E0%B8%B4%E0%B8%81
THE RITZ clinic,ritz,เดอะ ริทซ์ คลินิก,Seeded from user-provided brand plus Thai/English spelling variants.,,Ritz can include hotel/non-clinic intent; clinic aliases are included.,https://trends.google.com/trends/explore?date=2022-01-01%202026-06-18&geo=TH&q=THE%20RITZ%20Clinic%20%2B%20The%20Ritz%20Clinic%20%2B%20Ritz%20Clinic%20%2B%20%E0%B9%80%E0%B8%94%E0%B8%AD%E0%B8%B0%E0%B8%A3%E0%B8%B4%E0%B8%97%E0%B8%8B%E0%B9%8C%E0%B8%84%E0%B8%A5%E0%B8%B4%E0%B8%99%E0%B8%B4%E0%B8%81%20%2B%20%E0%B9%80%E0%B8%94%E0%B8%AD%E0%B8%B0%20%E0%B8%A3%E0%B8%B4%E0%B8%97%E0%B8%8B%E0%B9%8C%20%E0%B8%84%E0%B8%A5%E0%B8%B4%E0%B8%99%E0%B8%B4%E0%B8%81
